"Theme;Mot cle;Usage recommande;Note"
"Accessibilite;accessibilite numerique;Recherche principale;Terme le plus large pour trouver prestataires et cabinets specialises."
"Accessibilite;accessibilite web;Recherche principale;Utile pour reperer agences et integrateurs."
"Accessibilite;accessibilite digitale;Recherche secondaire;Variante de vocabulaire marketing."
"RGAA;RGAA;Recherche principale;Mot cle central pour le marche francais public et prive."
"RGAA;audit RGAA;Recherche principale;Permet d'identifier les prestataires vendant un audit."
"RGAA;mise en conformite RGAA;Recherche principale;Bon signal commercial pour prestataires d'accompagnement."
"RGAA;expert RGAA;Recherche secondaire;Utile pour cabinets freelances et consultants."
"RGAA;referent accessibilite;Recherche secondaire;Permet de capter des profils formation et conseil."
"Normes;WCAG;Recherche principale;Frequent chez acteurs plus internationaux ou techniques."
"Normes;WCAG audit;Recherche secondaire;Complement utile si RGAA seul est trop restrictif."
"Normes;conformite accessibilite;Recherche principale;Bon terme transverse pour cabinets et agences."
"Prestations;audit accessibilite;Recherche principale;Signal direct de vente de prestation accessibilite."
"Prestations;diagnostic accessibilite;Recherche secondaire;Variante frequente en conseil."
"Prestations;schema pluriannuel accessibilite;Recherche secondaire;Utile pour identifier acteurs du secteur public."
"Prestations;declaration accessibilite;Recherche secondaire;Peut signaler une offre de mise en conformite."
"Prestations;plan d'action accessibilite;Recherche secondaire;Souvent present sur des offres d'accompagnement."
"Services;mise en accessibilite;Recherche principale;Large utile pour capter agences techniques."
"Services;remediation accessibilite;Recherche principale;Terme tres pertinent pour acteurs front-end."
"Services;accessibilite front-end;Recherche secondaire;Bon signal pour ESN et experts techniques."
"Services;accessibilite UX UI;Recherche secondaire;Cible design system et design inclusif."
"Formation;formation RGAA;Recherche principale;Repere organismes de formation et cabinets."
"Formation;formation accessibilite numerique;Recherche principale;Plus large que RGAA seul."
"Formation;sensibilisation accessibilite;Recherche secondaire;Identifie les offres ateliers et acculturation."
"Design;design inclusif;Recherche principale;Bon signal pour studios UX UI et conseil."
"Design;conception inclusive;Recherche secondaire;Variante utile dans les secteurs UX et service design."
"Technique;tests accessibilite;Recherche secondaire;Repere QA audit et integration."
"Technique;recette accessibilite;Recherche secondaire;Terme plus technique utile pour ESN."
"Technique;accessibilite applications web;Recherche secondaire;Bon pour cibles applicatives et SaaS."
"Conseil;cabinet accessibilite numerique;Recherche principale;Permet d'identifier les acteurs de conseil specialises."
"Conseil;consultant accessibilite numerique;Recherche principale;Pertinent pour independants et petites structures."
"Conseil;expert accessibilite numerique;Recherche principale;Mot cle commercial tres utile."
"Marche;accessibilite eaa;Recherche secondaire;Capte les acteurs qui parlent de l'European Accessibility Act."
"Marche;european accessibility act;Recherche secondaire;Utile pour acteurs plus corporate ou internationaux."
"Marche;conformite eaa;Recherche secondaire;Bon pour offres de conseil reglementaire."
"Combinaisons;accessibilite numerique + agence web;Recherche de niche;Pratique pour viser les agences proposant deja une offre accessibilite."
"Combinaisons;audit RGAA + formation;Recherche de niche;Bon filtre pour prestataires complets."
"Combinaisons;design inclusif + accessibilite;Recherche de niche;Permet de remonter les studios UX plus qualitatifs."
